                  epoch,         train/box_loss,         train/cls_loss,         train/dfl_loss,   metrics/precision(B),      metrics/recall(B),       metrics/mAP50(B),    metrics/mAP50-95(B),           val/box_loss,           val/cls_loss,           val/dfl_loss,                 lr/pg0,                 lr/pg1,                 lr/pg2
                      1,                0.68781,                 1.2931,                0.99281,                      1,                0.53286,                 0.9163,                0.78938,                0.69353,                   2.19,                0.90747,                0.06732,              0.0003301,              0.0003301
                      2,                 0.6263,                0.76416,                0.96956,                0.95584,                0.90833,                0.96029,                0.81976,                0.60705,                0.68808,                0.88696,               0.034318,             0.00066124,             0.00066124
                      3,                0.66172,                0.72234,                 1.0047,                0.93034,                0.77909,                0.88767,                0.73593,                0.69894,                0.91664,                0.95975,              0.0013138,             0.00099019,             0.00099019
                      4,                0.69394,                0.74009,                 1.0129,                0.85855,                0.91049,                0.90307,                0.72937,                0.69283,                0.97851,                0.89966,              0.0009901,              0.0009901,              0.0009901
                      5,                0.63436,                0.66695,                0.97839,                0.88077,                 0.9234,                0.95044,                0.81442,                0.56374,                0.70142,                0.85891,              0.0009868,              0.0009868,              0.0009868
                      6,                0.62235,                0.67276,                0.96579,                0.92682,                0.94982,                0.96661,                0.82452,                0.58479,                0.66945,                0.90759,              0.0009835,              0.0009835,              0.0009835
                      7,                0.64269,                0.63042,                0.98252,                0.98527,                  0.925,                0.96594,                0.85366,                0.55818,                0.57652,                0.88719,              0.0009802,              0.0009802,              0.0009802
                      8,                0.61779,                0.61367,                0.97907,                0.97395,                 0.9347,                0.97124,                0.82191,                0.58926,                0.54215,                0.88027,              0.0009769,              0.0009769,              0.0009769
                      9,                0.61191,                0.59056,                0.96736,                0.97055,                0.96667,                0.98045,                0.85524,                0.57868,                0.48981,                0.90491,              0.0009736,              0.0009736,              0.0009736
                     10,                0.58907,                0.54873,                0.95543,                0.94348,                0.94167,                0.95964,                0.80518,                0.61494,                0.54653,                0.87486,              0.0009703,              0.0009703,              0.0009703
                     11,                0.56822,                0.54153,                0.95188,                0.97225,                0.95833,                0.98761,                0.84975,                0.55161,                0.49016,                0.87091,               0.000967,               0.000967,               0.000967
                     12,                0.53853,                0.51128,                0.93976,                0.97176,                   0.95,                 0.9798,                0.87602,                0.51161,                0.48819,                0.84613,              0.0009637,              0.0009637,              0.0009637
                     13,                0.53384,                0.49388,                 0.9431,                0.95868,                0.96677,                0.98379,                0.87124,                0.47959,                0.45903,                   0.85,              0.0009604,              0.0009604,              0.0009604
                     14,                0.55476,                 0.5095,                0.93205,                0.98839,                0.93333,                0.98001,                0.85796,                0.51321,                0.44819,                0.84839,              0.0009571,              0.0009571,              0.0009571
                     15,                0.53067,                0.50001,                0.93403,                0.97453,                0.95669,                0.97641,                 0.8564,                0.53962,                0.45655,                0.87865,              0.0009538,              0.0009538,              0.0009538
                     16,                0.51241,                0.46367,                0.92124,                0.99134,                0.95377,                 0.9783,                0.88424,                 0.4902,                0.42149,                0.88198,              0.0009505,              0.0009505,              0.0009505
                     17,                0.53767,                0.47887,                0.94685,                0.98068,                   0.95,                0.97128,                0.88114,                0.48796,                0.50706,                 0.8582,              0.0009472,              0.0009472,              0.0009472
                     18,                0.50678,                 0.4704,                0.92676,                      1,                0.95632,                0.98482,                0.87227,                0.49489,                 0.4116,                0.84711,              0.0009439,              0.0009439,              0.0009439
                     19,                0.49221,                 0.4441,                0.90767,                0.99434,                   0.95,                0.98112,                0.88263,                0.47176,                0.41361,                0.83563,              0.0009406,              0.0009406,              0.0009406
                     20,                 0.4948,                0.46845,                0.91917,                0.98224,                0.92191,                0.96089,                0.86589,                0.48368,                0.47898,                 0.8443,              0.0009373,              0.0009373,              0.0009373
                     21,                0.49881,                0.45938,                0.91395,                0.98008,                  0.975,                0.98224,                0.89114,                0.48402,                0.40477,                0.83301,               0.000934,               0.000934,               0.000934
                     22,                 0.5043,                0.43719,                0.91885,                0.98812,                   0.95,                0.97684,                0.90603,                0.44691,                 0.4053,                0.83143,              0.0009307,              0.0009307,              0.0009307
                     23,                0.49177,                0.42927,                0.91756,                0.99138,                0.95819,                 0.9729,                0.86447,                0.51355,                 0.4283,                0.85311,              0.0009274,              0.0009274,              0.0009274
                     24,                0.48491,                0.41743,                0.91619,                0.99129,                0.94789,                0.97454,                0.89859,                0.44448,                0.40425,                 0.8297,              0.0009241,              0.0009241,              0.0009241
                     25,                 0.4955,                0.44465,                0.91162,                0.98305,                0.96657,                0.98364,                0.89335,                0.48411,                0.39492,                0.82979,              0.0009208,              0.0009208,              0.0009208
                     26,                 0.4936,                0.43301,                0.91248,                0.97242,                0.98333,                0.98512,                0.90123,                0.47434,                0.45987,                0.82566,              0.0009175,              0.0009175,              0.0009175
                     27,                0.48003,                0.43215,                0.90685,                0.97443,                0.98333,                0.98853,                0.90237,                0.46511,                0.37432,                0.82959,              0.0009142,              0.0009142,              0.0009142
                     28,                0.48745,                0.42815,                0.92181,                0.99827,                  0.975,                0.98823,                0.89916,                0.47703,                0.37391,                0.82497,              0.0009109,              0.0009109,              0.0009109
                     29,                0.48035,                0.41316,                0.91105,                0.97168,                0.94167,                 0.9696,                0.86833,                0.47135,                0.41054,                0.83059,              0.0009076,              0.0009076,              0.0009076
                     30,                0.50083,                0.42675,                0.91366,                0.99041,                  0.975,                0.98361,                 0.8997,                0.45384,                 0.3758,                0.83562,              0.0009043,              0.0009043,              0.0009043
                     31,                0.47156,                0.43122,                 0.9024,                0.97169,                  0.975,                 0.9796,                0.87146,                0.51527,                0.44168,                0.86435,               0.000901,               0.000901,               0.000901
                     32,                0.46229,                0.40403,                0.90527,                0.99137,                0.95688,                0.97533,                0.89797,                0.43547,                0.36901,                0.83829,              0.0008977,              0.0008977,              0.0008977
                     33,                0.44646,                0.39576,                0.89952,                0.99958,                0.93333,                0.98632,                0.90649,                0.43904,                 0.3624,                0.85382,              0.0008944,              0.0008944,              0.0008944
                     34,                0.44172,                0.38895,                0.89802,                 0.9966,                  0.975,                0.98268,                 0.9059,                 0.4391,                0.34837,                0.83314,              0.0008911,              0.0008911,              0.0008911
                     35,                0.42814,                0.37474,                0.88453,                0.99819,                0.95833,                0.97693,                 0.9017,                 0.4321,                0.37467,                0.83482,              0.0008878,              0.0008878,              0.0008878
                     36,                0.43096,                 0.3738,                0.89608,                0.98121,                  0.975,                0.98155,                0.90365,                0.42728,                0.33841,                0.81803,              0.0008845,              0.0008845,              0.0008845
                     37,                0.44756,                0.37465,                0.88967,                0.99795,                  0.975,                0.99159,                0.90126,                0.43323,                0.33863,                0.80744,              0.0008812,              0.0008812,              0.0008812
                     38,                0.42682,                0.37952,                0.89679,                0.98395,                0.96667,                0.99169,                0.92207,                0.41017,                0.34354,                0.81006,              0.0008779,              0.0008779,              0.0008779
                     39,                0.45563,                0.40459,                 0.9113,                 0.9829,                0.95781,                 0.9859,                0.91468,                0.40241,                0.33406,                0.81085,              0.0008746,              0.0008746,              0.0008746
                     40,                0.41327,                0.37191,                0.89226,                0.98085,                0.96667,                0.98743,                 0.9224,                0.41174,                0.32793,                0.81312,              0.0008713,              0.0008713,              0.0008713
                     41,                0.43784,                0.37078,                0.89241,                0.98272,                0.98333,                0.98619,                0.91251,                0.41317,                0.32763,                0.81444,               0.000868,               0.000868,               0.000868
                     42,                0.41575,                 0.3613,                0.89397,                0.98928,                   0.95,                0.97342,                0.88811,                0.44716,                0.38833,                0.83288,              0.0008647,              0.0008647,              0.0008647
                     43,                0.44911,                0.37724,                0.89198,                0.96689,                0.97338,                0.99208,                0.91402,                 0.4258,                0.32421,                0.82026,              0.0008614,              0.0008614,              0.0008614
                     44,                0.42239,                0.35726,                0.88798,                0.99128,                0.94781,                0.97192,                0.89141,                0.43169,                0.44058,                0.82388,              0.0008581,              0.0008581,              0.0008581
                     45,                0.43581,                0.37423,                0.88345,                      1,                0.94765,                0.98572,                0.91184,                0.44385,                0.35759,                0.82336,              0.0008548,              0.0008548,              0.0008548
                     46,                 0.4204,                   0.36,                0.89291,                0.97518,                0.98212,                0.99235,                0.91213,                0.42597,                0.32784,                0.81272,              0.0008515,              0.0008515,              0.0008515
                     47,                0.41904,                0.35513,                0.88355,                0.99861,                0.96667,                0.99269,                0.92512,                0.39893,                0.32349,                0.81078,              0.0008482,              0.0008482,              0.0008482
                     48,                0.40398,                0.35017,                0.87981,                0.99144,                0.96541,                0.98513,                0.92168,                 0.3862,                0.32651,                0.80684,              0.0008449,              0.0008449,              0.0008449
                     49,                0.41223,                 0.3652,                0.88931,                0.97446,                0.95398,                0.97584,                0.91057,                0.41901,                0.38628,                0.82028,              0.0008416,              0.0008416,              0.0008416
                     50,                0.38094,                0.33208,                0.87917,                0.96744,                0.95833,                0.97883,                0.92612,                0.39711,                0.35392,                0.81764,              0.0008383,              0.0008383,              0.0008383
                     51,                0.39792,                0.35465,                0.88424,                0.98116,                0.96667,                0.98483,                0.91792,                0.39567,                0.33403,                0.82375,               0.000835,               0.000835,               0.000835
                     52,                0.39788,                0.34071,                0.89233,                 0.9751,                0.97914,                0.98636,                0.92188,                0.39171,                 0.3364,                0.81975,              0.0008317,              0.0008317,              0.0008317
                     53,                0.41752,                0.34389,                0.88515,                0.97557,                0.96667,                 0.9884,                0.90922,                0.42111,                0.33602,                0.82182,              0.0008284,              0.0008284,              0.0008284
                     54,                0.39685,                0.33132,                0.89405,                0.99623,                   0.95,                0.97689,                0.91189,                 0.4039,                0.32663,                0.81488,              0.0008251,              0.0008251,              0.0008251
                     55,                0.38761,                0.32878,                0.87364,                0.98602,                   0.95,                0.97747,                0.90868,                 0.4105,                0.34136,                0.81118,              0.0008218,              0.0008218,              0.0008218
                     56,                0.40553,                0.33797,                0.87769,                0.98775,                0.94167,                0.98133,                0.91804,                0.40973,                0.35058,                0.80831,              0.0008185,              0.0008185,              0.0008185
                     57,                0.39892,                 0.3387,                0.87701,                0.97359,                0.96667,                 0.9832,                0.92033,                0.40601,                0.33491,                0.80401,              0.0008152,              0.0008152,              0.0008152
                     58,                0.38402,                0.32109,                0.87756,                0.97398,                0.96667,                0.98384,                0.91924,                0.38936,                0.31803,                0.80938,              0.0008119,              0.0008119,              0.0008119
                     59,                0.37138,                0.31503,                0.87273,                0.98289,                 0.9573,                0.97774,                0.92292,                0.38346,                0.31585,                0.80952,              0.0008086,              0.0008086,              0.0008086
                     60,                0.37735,                0.32383,                0.87347,                0.98869,                0.95833,                  0.987,                0.92088,                0.38377,                0.30904,                0.81213,              0.0008053,              0.0008053,              0.0008053
                     61,                0.38391,                0.33387,                0.87641,                 0.9976,                0.95833,                0.98732,                0.91252,                0.40055,                0.31795,                0.82724,               0.000802,               0.000802,               0.000802
                     62,                0.36669,                0.31055,                0.86037,                      1,                0.93158,                0.97354,                0.90272,                 0.3943,                0.35666,                 0.8221,              0.0007987,              0.0007987,              0.0007987
                     63,                0.37535,                0.32174,                0.88444,                 0.9929,                   0.95,                0.98289,                0.92316,                 0.3658,                0.33049,                0.80336,              0.0007954,              0.0007954,              0.0007954
                     64,                 0.3872,                0.31952,                0.88492,                0.96577,                  0.975,                0.98505,                0.92676,                0.38743,                0.33736,                0.81036,              0.0007921,              0.0007921,              0.0007921
                     65,                 0.3906,                0.33033,                0.87302,                0.97483,                0.98333,                0.98614,                0.91175,                 0.3944,                0.31734,                0.81077,              0.0007888,              0.0007888,              0.0007888
                     66,                0.37736,                0.31514,                0.87867,                0.97406,                0.96667,                0.98059,                0.92067,                0.37404,                0.32581,                0.80456,              0.0007855,              0.0007855,              0.0007855
                     67,                0.37375,                  0.308,                0.87733,                0.97473,                0.96443,                0.99241,                0.91552,                0.38122,                0.29974,                0.80748,              0.0007822,              0.0007822,              0.0007822
                     68,                0.38086,                 0.3057,                0.87506,                0.97825,                  0.975,                0.98795,                0.92374,                0.37508,                0.28348,                0.80369,              0.0007789,              0.0007789,              0.0007789
                     69,                0.37873,                0.32889,                0.87693,                0.99148,                0.96926,                0.98624,                0.92069,                0.38271,                0.28899,                0.80668,              0.0007756,              0.0007756,              0.0007756
                     70,                0.37555,                0.31555,                0.88644,                      1,                0.97459,                 0.9862,                0.92522,                0.37673,                0.29605,                0.80939,              0.0007723,              0.0007723,              0.0007723
                     71,                0.36411,                0.30133,                0.87168,                0.96716,                 0.9817,                0.98597,                 0.9319,                0.38359,                0.30169,                0.80502,               0.000769,               0.000769,               0.000769
                     72,                0.36905,                0.32177,                0.86308,                0.98353,                  0.975,                0.98523,                0.93186,                0.37267,                0.29749,                0.79901,              0.0007657,              0.0007657,              0.0007657
                     73,                0.36847,                0.30195,                0.87423,                0.98123,                0.98333,                0.99402,                0.92987,                0.36845,                0.27124,                 0.8053,              0.0007624,              0.0007624,              0.0007624
                     74,                0.35576,                0.30745,                0.86092,                      1,                0.94066,                0.96764,                0.93013,                0.36358,                0.33055,                0.80545,              0.0007591,              0.0007591,              0.0007591
                     75,                 0.3522,                0.31421,                0.88018,                0.98666,                0.95833,                0.98385,                0.92155,                0.38562,                0.30847,                0.80908,              0.0007558,              0.0007558,              0.0007558
                     76,                0.36559,                0.31138,                0.87257,                0.99151,                0.97275,                 0.9869,                0.93175,                0.37195,                0.28726,                0.80646,              0.0007525,              0.0007525,              0.0007525
                     77,                 0.3658,                0.29706,                0.86366,                0.99945,                0.96667,                0.98505,                0.90857,                0.39308,                0.30101,                0.80426,              0.0007492,              0.0007492,              0.0007492
                     78,                0.36771,                0.29701,                0.88137,                0.98948,                   0.95,                0.98282,                0.93151,                0.36695,                0.30022,                0.79735,              0.0007459,              0.0007459,              0.0007459
                     79,                0.33995,                0.30069,                0.87386,                0.99872,                0.93333,                 0.9743,                0.92694,                0.35646,                0.32422,                0.79653,              0.0007426,              0.0007426,              0.0007426
                     80,                0.35717,                0.29913,                0.86777,                0.99137,                0.95698,                0.98623,                0.93172,                0.37474,                0.30652,                0.80628,              0.0007393,              0.0007393,              0.0007393
                     81,                0.35688,                0.29972,                0.86887,                0.97492,                0.97182,                 0.9864,                0.93961,                0.35974,                0.28922,                0.80257,               0.000736,               0.000736,               0.000736
                     82,                0.34493,                0.28968,                0.87116,                0.99151,                0.97378,                0.98698,                0.94107,                0.36327,                0.27789,                0.80487,              0.0007327,              0.0007327,              0.0007327
                     83,                0.35359,                0.29756,                0.86204,                0.99138,                0.95791,                0.97603,                0.92681,                0.36399,                0.30215,                0.80514,              0.0007294,              0.0007294,              0.0007294
                     84,                0.35632,                0.29171,                0.87163,                0.99144,                0.96519,                0.98141,                 0.9099,                0.37217,                0.30059,                0.80689,              0.0007261,              0.0007261,              0.0007261
                     85,                0.34332,                0.29501,                 0.8598,                0.99837,                0.95833,                0.97388,                0.93439,                0.35545,                0.29678,                 0.8093,              0.0007228,              0.0007228,              0.0007228
                     86,                0.34266,                0.28791,                0.85442,                0.99145,                0.96628,                0.97969,                0.93599,                0.34832,                0.27967,                 0.7995,              0.0007195,              0.0007195,              0.0007195
                     87,                0.35109,                0.30418,                0.86157,                0.99692,                0.95833,                0.98157,                0.93926,                0.34392,                0.28693,                0.80106,              0.0007162,              0.0007162,              0.0007162
                     88,                0.34087,                0.28477,                0.85637,                0.98216,                   0.95,                0.98378,                0.93539,                0.35549,                0.29995,                 0.8072,              0.0007129,              0.0007129,              0.0007129
                     89,                 0.3313,                0.28428,                0.87384,                0.99072,                0.95833,                0.98595,                0.93699,                0.34636,                0.28799,                0.79467,              0.0007096,              0.0007096,              0.0007096
                     90,                0.32484,                0.27211,                0.86136,                 0.9922,                0.95833,                0.98212,                0.93283,                0.36464,                0.28661,                0.79614,              0.0007063,              0.0007063,              0.0007063
                     91,                0.33433,                0.28803,                0.85768,                0.99032,                0.96667,                0.97863,                0.93704,                0.35314,                0.27753,                0.79167,               0.000703,               0.000703,               0.000703
                     92,                0.33608,                0.28663,                 0.8637,                0.99038,                   0.95,                0.97721,                0.93058,                0.34902,                0.30509,                0.79247,              0.0006997,              0.0006997,              0.0006997
                     93,                0.31098,                0.27297,                0.84544,                0.99823,                   0.95,                0.97692,                0.92221,                 0.3594,                0.30073,                0.80206,              0.0006964,              0.0006964,              0.0006964
                     94,                0.33427,                0.28506,                 0.8675,                0.99144,                 0.9655,                0.98298,                0.93448,                0.35283,                0.29693,                0.79625,              0.0006931,              0.0006931,              0.0006931
                     95,                0.33018,                0.28141,                0.86112,                0.98317,                0.97361,                0.98397,                0.93712,                0.37213,                0.27806,                 0.8024,              0.0006898,              0.0006898,              0.0006898
                     96,                0.33261,                0.27351,                0.85294,                0.98253,                  0.975,                0.98351,                 0.9306,                0.35474,                0.25903,                0.80052,              0.0006865,              0.0006865,              0.0006865
                     97,                0.31779,                0.27784,                0.84876,                      1,                0.97433,                 0.9897,                0.92672,                0.36484,                0.25678,                0.80424,              0.0006832,              0.0006832,              0.0006832
                     98,                0.32793,                0.27887,                0.86141,                      1,                  0.966,                0.97934,                 0.9223,                0.38205,                0.28591,                0.79473,              0.0006799,              0.0006799,              0.0006799
                     99,                0.32331,                0.27137,                0.86204,                  0.999,                0.95833,                  0.984,                0.92884,                0.36706,                0.29005,                 0.7926,              0.0006766,              0.0006766,              0.0006766
                    100,                0.32425,                 0.2679,                0.85438,                0.99935,                   0.95,                0.97829,                0.93135,                0.36123,                0.28356,                0.80118,              0.0006733,              0.0006733,              0.0006733
                    101,                0.31615,                0.27903,                0.86459,                0.98122,                  0.975,                 0.9844,                0.93176,                0.37139,                0.26616,                 0.8012,                0.00067,                0.00067,                0.00067
                    102,                0.33211,                0.26922,                0.85924,                  0.975,                0.97485,                0.98744,                0.93309,                0.33834,                 0.2638,                0.79611,              0.0006667,              0.0006667,              0.0006667
                    103,                 0.3178,                0.26966,                0.86046,                0.99137,                0.95765,                0.98846,                0.93064,                0.36879,                0.27198,                0.80452,              0.0006634,              0.0006634,              0.0006634
                    104,                0.33248,                0.27271,                0.86159,                0.99395,                0.95833,                0.97481,                0.91993,                0.35671,                0.28609,                0.80337,              0.0006601,              0.0006601,              0.0006601
                    105,                0.31949,                0.27479,                0.85478,                0.98254,                0.96667,                0.97811,                0.92475,                0.35946,                0.28763,                0.79778,              0.0006568,              0.0006568,              0.0006568
                    106,                 0.3263,                0.27485,                0.85701,                0.98304,                0.96591,                0.98208,                0.93045,                0.35923,                0.28213,                0.80023,              0.0006535,              0.0006535,              0.0006535
                    107,                0.32008,                0.25731,                0.85705,                 0.9829,                0.95812,                0.97044,                0.92018,                0.37073,                0.31632,                0.79918,              0.0006502,              0.0006502,              0.0006502
                    108,                0.30337,                0.25553,                0.85391,                      1,                0.94724,                 0.9733,                0.91995,                0.36649,                 0.2967,                0.79724,              0.0006469,              0.0006469,              0.0006469
                    109,                0.30415,                0.25215,                0.84976,                0.99848,                   0.95,                0.96996,                0.92539,                0.36083,                0.29625,                0.80085,              0.0006436,              0.0006436,              0.0006436
                    110,                0.31304,                0.27643,                0.85557,                0.98258,                0.94011,                0.97086,                  0.927,                0.33573,                 0.3105,                0.79605,              0.0006403,              0.0006403,              0.0006403
                    111,                0.30268,                0.26107,                0.85502,                0.98596,                0.95833,                0.98698,                0.94914,                 0.3384,                0.27853,                0.79648,               0.000637,               0.000637,               0.000637
                    112,                0.29998,                0.25183,                0.84456,                0.99858,                0.95833,                0.98663,                 0.9458,                0.33949,                0.28501,                0.79647,              0.0006337,              0.0006337,              0.0006337
                    113,                0.31293,                0.26089,                0.85262,                0.99157,                0.98006,                0.98817,                0.95261,                0.34866,                0.25912,                0.79685,              0.0006304,              0.0006304,              0.0006304
                    114,                0.29262,                0.24602,                0.84665,                0.99159,                0.98258,                0.98695,                0.94351,                0.33762,                0.24233,                 0.7963,              0.0006271,              0.0006271,              0.0006271
                    115,                 0.2994,                0.24986,                0.84677,                0.99028,                  0.975,                0.98729,                0.94302,                0.33128,                0.24688,                0.79123,              0.0006238,              0.0006238,              0.0006238
                    116,                0.30162,                0.25427,                0.84623,                      1,                0.97358,                0.98729,                0.94557,                0.34421,                0.25238,                0.79597,              0.0006205,              0.0006205,              0.0006205
                    117,                 0.3015,                0.25834,                0.85555,                0.98332,                0.98333,                0.98794,                0.95246,                0.32687,                0.25083,                0.79642,              0.0006172,              0.0006172,              0.0006172
                    118,                0.30581,                0.25472,                0.85298,                0.97498,                0.97404,                 0.9802,                0.93316,                0.35428,                0.27069,                0.79961,              0.0006139,              0.0006139,              0.0006139
                    119,                0.30582,                0.25534,                 0.8505,                0.99055,                  0.975,                0.98083,                0.92135,                0.34441,                0.26128,                0.79897,              0.0006106,              0.0006106,              0.0006106
                    120,                0.31703,                0.25985,                0.85469,                0.98169,                  0.975,                 0.9852,                0.94078,                0.34581,                 0.2542,                0.79918,              0.0006073,              0.0006073,              0.0006073
                    121,                0.30109,                0.25793,                 0.8583,                0.99082,                0.95833,                0.98128,                0.93844,                0.33415,                0.27681,                0.79971,               0.000604,               0.000604,               0.000604
                    122,                0.29749,                0.25062,                0.85762,                0.99903,                   0.95,                0.97243,                0.93205,                0.32555,                0.28083,                0.79791,              0.0006007,              0.0006007,              0.0006007
                    123,                0.29386,                0.24965,                0.85719,                0.99128,                0.94722,                0.98188,                0.93802,                0.34159,                0.27244,                0.80151,              0.0005974,              0.0005974,              0.0005974
                    124,                 0.3041,                0.24785,                0.84757,                0.99001,                0.95833,                0.97911,                0.94051,                0.33945,                0.27442,                 0.8011,              0.0005941,              0.0005941,              0.0005941
                    125,                0.29277,                 0.2436,                0.84977,                 0.9909,                0.96667,                 0.9786,                0.93264,                0.33306,                0.25329,                0.79461,              0.0005908,              0.0005908,              0.0005908
                    126,                0.29822,                0.24696,                 0.8508,                      1,                0.96633,                0.98402,                0.94093,                0.32718,                 0.2534,                0.79019,              0.0005875,              0.0005875,              0.0005875
                    127,                0.30024,                0.24706,                0.84574,                0.99201,                  0.975,                0.98696,                0.94596,                 0.3385,                0.26937,                0.79824,              0.0005842,              0.0005842,              0.0005842
                    128,                0.31101,                0.27414,                0.86985,                0.99755,                  0.975,                0.98349,                0.93969,                0.33228,                0.23466,                0.79573,              0.0005809,              0.0005809,              0.0005809
                    129,                 0.2894,                0.24273,                0.85124,                0.99101,                0.96667,                0.97868,                0.94054,                0.32359,                0.25039,                0.79802,              0.0005776,              0.0005776,              0.0005776
                    130,                0.29075,                0.25818,                 0.8397,                0.99022,                0.96667,                0.97544,                0.93161,                0.31682,                0.24986,                0.79543,              0.0005743,              0.0005743,              0.0005743
                    131,                0.28814,                0.25062,                0.84417,                 0.9829,                0.95809,                0.97671,                0.94043,                0.32385,                0.25599,                0.79134,               0.000571,               0.000571,               0.000571
                    132,                0.29999,                0.25874,                0.85036,                0.99144,                0.96565,                0.98555,                0.93687,                0.32356,                0.23313,                0.78713,              0.0005677,              0.0005677,              0.0005677
                    133,                 0.2867,                0.24726,                0.84925,                0.99817,                   0.95,                0.97672,                0.93973,                0.33178,                0.25309,                0.79864,              0.0005644,              0.0005644,              0.0005644
                    134,                0.28672,                0.23951,                0.84557,                      1,                 0.9567,                0.97236,                0.91578,                0.35608,                0.26683,                0.79942,              0.0005611,              0.0005611,              0.0005611
                    135,                0.30108,                0.25735,                 0.8486,                0.98721,                0.95833,                0.97838,                0.92852,                0.33641,                0.28033,                0.79358,              0.0005578,              0.0005578,              0.0005578
                    136,                0.28565,                0.24916,                0.84891,                0.98176,                  0.975,                0.98906,                0.94617,                0.31535,                 0.2362,                0.78984,              0.0005545,              0.0005545,              0.0005545
                    137,                0.29321,                0.24372,                0.84541,                0.97472,                  0.975,                0.98553,                0.93438,                0.33054,                0.23824,                0.79714,              0.0005512,              0.0005512,              0.0005512
                    138,                0.28219,                0.23766,                0.85457,                0.98289,                0.95751,                0.98072,                 0.9372,                0.33464,                0.26463,                0.79387,              0.0005479,              0.0005479,              0.0005479
                    139,                 0.2736,                0.23771,                0.84459,                0.98887,                0.96667,                0.98793,                 0.9437,                0.34481,                0.26784,                0.80546,              0.0005446,              0.0005446,              0.0005446
                    140,                0.28259,                0.23178,                0.83939,                      1,                0.97423,                0.99404,                0.94969,                0.33379,                 0.2242,                0.79397,              0.0005413,              0.0005413,              0.0005413
                    141,                0.27445,                0.23408,                0.85142,                0.99101,                  0.975,                0.98824,                0.94538,                0.33476,                0.23113,                  0.797,               0.000538,               0.000538,               0.000538
                    142,                0.28265,                0.24155,                0.85483,                0.98161,                  0.975,                0.98693,                 0.9396,                0.34341,                0.24386,                0.79618,              0.0005347,              0.0005347,              0.0005347
                    143,                0.28655,                0.24585,                0.85319,                      1,                0.94049,                0.98131,                 0.9353,                0.33575,                0.26214,                0.79282,              0.0005314,              0.0005314,              0.0005314
                    144,                0.27144,                 0.2329,                0.83696,                      1,                0.95531,                0.98052,                0.93181,                0.33017,                0.25986,                0.79209,              0.0005281,              0.0005281,              0.0005281
                    145,                0.27455,                0.23477,                0.84237,                0.99153,                0.97495,                0.98312,                0.93422,                0.33729,                0.26621,                0.79412,              0.0005248,              0.0005248,              0.0005248
                    146,                0.26785,                0.23095,                0.84457,                0.99797,                  0.975,                0.97841,                0.93868,                 0.3238,                0.26022,                0.78767,              0.0005215,              0.0005215,              0.0005215
                    147,                0.25665,                0.22685,                0.83799,                0.99125,                  0.975,                0.97963,                0.93752,                0.32244,                0.25991,                 0.7901,              0.0005182,              0.0005182,              0.0005182
                    148,                0.27411,                0.22916,                0.83232,                0.99945,                  0.975,                0.97987,                0.93051,                0.32818,                0.25665,                0.79185,              0.0005149,              0.0005149,              0.0005149
                    149,                0.25664,                0.21921,                 0.8455,                0.99915,                0.95833,                  0.978,                0.93094,                0.32059,                0.25805,                0.79245,              0.0005116,              0.0005116,              0.0005116
                    150,                0.28039,                0.22953,                0.83987,                0.98939,                0.95833,                0.97941,                0.93784,                0.31893,                0.25054,                0.79101,              0.0005083,              0.0005083,              0.0005083
                    151,                0.29023,                0.23398,                0.84765,                0.99145,                0.96662,                 0.9817,                0.93879,                0.33684,                0.25751,                0.79321,               0.000505,               0.000505,               0.000505
                    152,                0.26944,                0.23193,                0.84639,                0.99145,                0.96637,                0.98716,                0.94555,                0.34399,                0.24908,                0.79954,              0.0005017,              0.0005017,              0.0005017
                    153,                0.28426,                0.23093,                0.84424,                0.99058,                0.96667,                 0.9878,                0.94713,                0.34202,                0.24025,                0.79669,              0.0004984,              0.0004984,              0.0004984
                    154,                0.26807,                 0.2164,                0.84235,                0.99991,                0.95833,                0.98461,                0.94451,                0.32307,                0.23771,                0.79441,              0.0004951,              0.0004951,              0.0004951
                    155,                0.28306,                0.22882,                0.84567,                      1,                0.95706,                0.98591,                0.94751,                0.30579,                0.22802,                0.79077,              0.0004918,              0.0004918,              0.0004918
                    156,                0.27137,                0.22249,                0.84576,                      1,                0.96643,                0.98796,                0.95021,                0.31316,                0.23539,                 0.7931,              0.0004885,              0.0004885,              0.0004885
                    157,                0.27141,                0.22366,                0.85066,                0.99823,                  0.975,                0.98658,                0.94589,                0.32436,                0.22626,                0.79823,              0.0004852,              0.0004852,              0.0004852
                    158,                0.25326,                0.23024,                0.83709,                0.99045,                  0.975,                0.98735,                0.93528,                0.32539,                0.22191,                0.79473,              0.0004819,              0.0004819,              0.0004819
                    159,                  0.252,                0.21496,                0.83994,                0.99159,                0.98267,                0.98689,                0.93907,                0.31358,                0.22283,                0.79098,              0.0004786,              0.0004786,              0.0004786
                    160,                0.25577,                0.23506,                0.84514,                0.99132,                  0.975,                 0.9869,                0.93814,                0.31385,                0.22847,                 0.7893,              0.0004753,              0.0004753,              0.0004753
                    161,                0.25484,                 0.2161,                0.83147,                0.99133,                  0.975,                  0.985,                0.94747,                0.30233,                0.22096,                0.78456,               0.000472,               0.000472,               0.000472
                    162,                0.25641,                0.23015,                0.83422,                0.99144,                0.96503,                0.98419,                0.94652,                0.31882,                 0.2321,                 0.7924,              0.0004687,              0.0004687,              0.0004687
                    163,                0.25462,                0.22529,                0.84136,                0.99145,                0.96587,                0.98013,                0.93835,                0.32128,                0.23305,                0.79417,              0.0004654,              0.0004654,              0.0004654
